[{"model": "dashboard.foodlog", "pk": 1, "fields": {"user": 4, "date": "2024-06-22", "breakfast_ate": true, "breakfast_time": "12:23:00", "lunch_ate": true, "lunch_time": "14:23:00", "dinner_ate": false, "dinner_time": null}}, {"model": "dashboard.foodlog", "pk": 2, "fields": {"user": 4, "date": "2024-06-24", "breakfast_ate": true, "breakfast_time": "09:26:00", "lunch_ate": false, "lunch_time": null, "dinner_ate": false, "dinner_time": null}}, {"model": "dashboard.foodlog", "pk": 3, "fields": {"user": 4, "date": "2024-06-26", "breakfast_ate": true, "breakfast_time": "09:05:00", "lunch_ate": false, "lunch_time": null, "dinner_ate": false, "dinner_time": null}}, {"model": "dashboard.foodlog", "pk": 4, "fields": {"user": 4, "date": "2024-06-29", "breakfast_ate": true, "breakfast_time": "12:13:00", "lunch_ate": false, "lunch_time": null, "dinner_ate": false, "dinner_time": null}}, {"model": "dashboard.foodlog", "pk": 5, "fields": {"user": 4, "date": "2024-06-30", "breakfast_ate": true, "breakfast_time": "08:20:00", "lunch_ate": false, "lunch_time": null, "dinner_ate": false, "dinner_time": null}}, {"model": "dashboard.foodlog", "pk": 6, "fields": {"user": 4, "date": "2024-07-02", "breakfast_ate": true, "breakfast_time": "08:01:00", "lunch_ate": false, "lunch_time": null, "dinner_ate": false, "dinner_time": null}}, {"model": "dashboard.foodlog", "pk": 7, "fields": {"user": 4, "date": "2024-07-04", "breakfast_ate": true, "breakfast_time": "10:48:00", "lunch_ate": true, "lunch_time": "16:48:00", "dinner_ate": false, "dinner_time": null}}, {"model": "dashboard.foodlog", "pk": 8, "fields": {"user": 4, "date": "2024-07-05", "breakfast_ate": true, "breakfast_time": "08:50:00", "lunch_ate": false, "lunch_time": null, "dinner_ate": false, "dinner_time": null}}, {"model": "dashboard.foodlog", "pk": 9, "fields": {"user": 4, "date": "2024-07-06", "breakfast_ate": true, "breakfast_time": "09:51:00", "lunch_ate": false, "lunch_time": null, "dinner_ate": false, "dinner_time": null}}, {"model": "dashboard.foodlog", "pk": 10, "fields": {"user": 3, "date": "2024-08-30", "breakfast_ate": true, "breakfast_time": "11:19:00", "lunch_ate": false, "lunch_time": null, "dinner_ate": false, "dinner_time": null}}, {"model": "dashboard.foodlog", "pk": 11, "fields": {"user": 3, "date": "2024-08-31", "breakfast_ate": false, "breakfast_time": null, "lunch_ate": true, "lunch_time": "13:09:00", "dinner_ate": false, "dinner_time": null}}, {"model": "dashboard.foodlog", "pk": 12, "fields": {"user": 3, "date": "2024-09-01", "breakfast_ate": true, "breakfast_time": "10:37:00", "lunch_ate": true, "lunch_time": "13:37:00", "dinner_ate": true, "dinner_time": null}}, {"model": "dashboard.foodlog", "pk": 13, "fields": {"user": 3, "date": "2024-09-05", "breakfast_ate": true, "breakfast_time": "11:33:00", "lunch_ate": true, "lunch_time": "16:50:00", "dinner_ate": false, "dinner_time": null}}, {"model": "dashboard.foodlog", "pk": 14, "fields": {"user": 3, "date": "2024-10-07", "breakfast_ate": true, "breakfast_time": "07:00:00", "lunch_ate": true, "lunch_time": "15:00:00", "dinner_ate": true, "dinner_time": "20:30:00"}}, {"model": "dashboard.foodlog", "pk": 15, "fields": {"user": 3, "date": "2024-10-14", "breakfast_ate": true, "breakfast_time": "08:40:00", "lunch_ate": false, "lunch_time": null, "dinner_ate": false, "dinner_time": null}}, {"model": "dashboard.foodlog", "pk": 16, "fields": {"user": 3, "date": "2024-10-15", "breakfast_ate": true, "breakfast_time": "08:15:00", "lunch_ate": false, "lunch_time": null, "dinner_ate": false, "dinner_time": null}}, {"model": "dashboard.foodlog", "pk": 17, "fields": {"user": 3, "date": "2024-10-20", "breakfast_ate": false, "breakfast_time": null, "lunch_ate": false, "lunch_time": null, "dinner_ate": true, "dinner_time": "18:21:00"}}, {"model": "dashboard.foodlog", "pk": 18, "fields": {"user": 3, "date": "2024-10-29", "breakfast_ate": true, "breakfast_time": "13:14:00", "lunch_ate": false, "lunch_time": null, "dinner_ate": false, "dinner_time": null}}, {"model": "dashboard.foodlog", "pk": 19, "fields": {"user": 3, "date": "2024-11-05", "breakfast_ate": true, "breakfast_time": "19:44:00", "lunch_ate": false, "lunch_time": null, "dinner_ate": false, "dinner_time": null}}, {"model": "dashboard.foodlog", "pk": 20, "fields": {"user": 3, "date": "2024-11-10", "breakfast_ate": true, "breakfast_time": "08:38:00", "lunch_ate": true, "lunch_time": null, "dinner_ate": false, "dinner_time": null}}, {"model": "dashboard.foodlog", "pk": 21, "fields": {"user": 3, "date": "2025-03-24", "breakfast_ate": true, "breakfast_time": "08:30:00", "lunch_ate": true, "lunch_time": "15:15:00", "dinner_ate": true, "dinner_time": "20:00:00"}}, {"model": "dashboard.foodlog", "pk": 22, "fields": {"user": 1, "date": "2025-04-28", "breakfast_ate": true, "breakfast_time": "08:00:00", "lunch_ate": true, "lunch_time": "13:00:00", "dinner_ate": true, "dinner_time": "20:00:00"}}, {"model": "dashboard.foodlog", "pk": 23, "fields": {"user": 3, "date": "2025-05-25", "breakfast_ate": true, "breakfast_time": "11:05:00", "lunch_ate": false, "lunch_time": null, "dinner_ate": false, "dinner_time": null}}, {"model": "dashboard.foodlog", "pk": 24, "fields": {"user": 3, "date": "2025-05-26", "breakfast_ate": true, "breakfast_time": "08:37:00", "lunch_ate": false, "lunch_time": null, "dinner_ate": false, "dinner_time": null}}, {"model": "dashboard.foodlog", "pk": 25, "fields": {"user": 3, "date": "2025-05-27", "breakfast_ate": true, "breakfast_time": "09:20:00", "lunch_ate": false, "lunch_time": null, "dinner_ate": false, "dinner_time": null}}, {"model": "dashboard.foodlog", "pk": 26, "fields": {"user": 3, "date": "2025-05-29", "breakfast_ate": true, "breakfast_time": "09:29:00", "lunch_ate": false, "lunch_time": null, "dinner_ate": false, "dinner_time": null}}, {"model": "dashboard.foodlog", "pk": 27, "fields": {"user": 3, "date": "2025-06-02", "breakfast_ate": true, "breakfast_time": "10:00:00", "lunch_ate": false, "lunch_time": null, "dinner_ate": true, "dinner_time": "19:00:00"}}, {"model": "dashboard.foodlog", "pk": 28, "fields": {"user": 3, "date": "2025-06-04", "breakfast_ate": true, "breakfast_time": "07:30:00", "lunch_ate": false, "lunch_time": null, "dinner_ate": false, "dinner_time": null}}, {"model": "dashboard.foodlog", "pk": 29, "fields": {"user": 3, "date": "2025-06-06", "breakfast_ate": true, "breakfast_time": "08:00:00", "lunch_ate": true, "lunch_time": "12:00:00", "dinner_ate": true, "dinner_time": "18:00:00"}}, {"model": "dashboard.sportlog", "pk": 1, "fields": {"user": 1, "date": "2024-05-26", "did_sport": true, "sport_type": "other", "other_sport": "Yoga", "sport_time": "00:00:00"}}, {"model": "dashboard.sportlog", "pk": 2, "fields": {"user": 1, "date": "2024-05-25", "did_sport": true, "sport_type": "gym", "other_sport": "Yoga", "sport_time": "00:00:00"}}, {"model": "dashboard.sportlog", "pk": 3, "fields": {"user": 1, "date": "2024-05-24", "did_sport": false, "sport_type": "running", "other_sport": "Yoga", "sport_time": "00:00:00"}}, {"model": "dashboard.sportlog", "pk": 4, "fields": {"user": 1, "date": "2024-05-23", "did_sport": false, "sport_type": "running", "other_sport": "Yoga", "sport_time": "00:00:00"}}, {"model": "dashboard.sportlog", "pk": 5, "fields": {"user": 1, "date": "2024-05-22", "did_sport": true, "sport_type": "swimming", "other_sport": "Yoga", "sport_time": "00:00:00"}}, {"model": "dashboard.sportlog", "pk": 6, "fields": {"user": 1, "date": "2024-05-21", "did_sport": false, "sport_type": "other", "other_sport": "", "sport_time": "00:00:00"}}, {"model": "dashboard.sportlog", "pk": 7, "fields": {"user": 1, "date": "2024-05-20", "did_sport": false, "sport_type": "swimming", "other_sport": "", "sport_time": "00:00:00"}}, {"model": "dashboard.sportlog", "pk": 8, "fields": {"user": 1, "date": "2024-05-19", "did_sport": false, "sport_type": "gym", "other_sport": "", "sport_time": "00:00:00"}}, {"model": "dashboard.sportlog", "pk": 9, "fields": {"user": 1, "date": "2024-05-18", "did_sport": true, "sport_type": "running", "other_sport": "", "sport_time": "00:00:00"}}, {"model": "dashboard.sportlog", "pk": 10, "fields": {"user": 1, "date": "2024-05-17", "did_sport": false, "sport_type": "walking", "other_sport": "", "sport_time": "00:00:00"}}, {"model": "dashboard.sportlog", "pk": 11, "fields": {"user": 1, "date": "2024-05-27", "did_sport": true, "sport_type": "other", "other_sport": "", "sport_time": "00:00:00"}}, {"model": "dashboard.sportlog", "pk": 12, "fields": {"user": 1, "date": "2024-05-26", "did_sport": false, "sport_type": "swimming", "other_sport": "Yoga", "sport_time": "00:00:00"}}, {"model": "dashboard.sportlog", "pk": 13, "fields": {"user": 1, "date": "2024-05-25", "did_sport": false, "sport_type": "gym", "other_sport": "Yoga", "sport_time": "00:00:00"}}, {"model": "dashboard.sportlog", "pk": 14, "fields": {"user": 1, "date": "2024-05-24", "did_sport": false, "sport_type": "other", "other_sport": "", "sport_time": "00:00:00"}}, {"model": "dashboard.sportlog", "pk": 15, "fields": {"user": 1, "date": "2024-05-23", "did_sport": false, "sport_type": "walking", "other_sport": "Yoga", "sport_time": "00:00:00"}}, {"model": "dashboard.sportlog", "pk": 16, "fields": {"user": 1, "date": "2024-05-22", "did_sport": false, "sport_type": "other", "other_sport": "Yoga", "sport_time": "00:00:00"}}, {"model": "dashboard.sportlog", "pk": 17, "fields": {"user": 1, "date": "2024-05-21", "did_sport": false, "sport_type": "running", "other_sport": "", "sport_time": "00:00:00"}}, {"model": "dashboard.sportlog", "pk": 18, "fields": {"user": 1, "date": "2024-05-20", "did_sport": true, "sport_type": "other", "other_sport": "", "sport_time": "00:00:00"}}, {"model": "dashboard.sportlog", "pk": 19, "fields": {"user": 1, "date": "2024-05-19", "did_sport": true, "sport_type": "gym", "other_sport": "", "sport_time": "00:00:00"}}, {"model": "dashboard.sportlog", "pk": 20, "fields": {"user": 1, "date": "2024-05-18", "did_sport": false, "sport_type": "walking", "other_sport": "Yoga", "sport_time": "00:00:00"}}, {"model": "dashboard.sportlog", "pk": 21, "fields": {"user": 1, "date": "2024-05-27", "did_sport": false, "sport_type": "other", "other_sport": "Yoga", "sport_time": "00:00:00"}}, {"model": "dashboard.sportlog", "pk": 22, "fields": {"user": 1, "date": "2024-05-26", "did_sport": false, "sport_type": "gym", "other_sport": "Yoga", "sport_time": "00:00:00"}}, {"model": "dashboard.sportlog", "pk": 23, "fields": {"user": 1, "date": "2024-05-25", "did_sport": false, "sport_type": "running", "other_sport": "Yoga", "sport_time": "00:00:00"}}, {"model": "dashboard.sportlog", "pk": 24, "fields": {"user": 1, "date": "2024-05-24", "did_sport": true, "sport_type": "other", "other_sport": "", "sport_time": "00:00:00"}}, {"model": "dashboard.sportlog", "pk": 25, "fields": {"user": 1, "date": "2024-05-23", "did_sport": true, "sport_type": "walking", "other_sport": "Yoga", "sport_time": "00:00:00"}}, {"model": "dashboard.sportlog", "pk": 26, "fields": {"user": 1, "date": "2024-05-22", "did_sport": false, "sport_type": "other", "other_sport": "Yoga", "sport_time": "00:00:00"}}, {"model": "dashboard.sportlog", "pk": 27, "fields": {"user": 1, "date": "2024-05-21", "did_sport": false, "sport_type": "gym", "other_sport": "", "sport_time": "00:00:00"}}, {"model": "dashboard.sportlog", "pk": 28, "fields": {"user": 1, "date": "2024-05-20", "did_sport": false, "sport_type": "other", "other_sport": "", "sport_time": "00:00:00"}}, {"model": "dashboard.sportlog", "pk": 29, "fields": {"user": 1, "date": "2024-05-19", "did_sport": false, "sport_type": "other", "other_sport": "Yoga", "sport_time": "00:00:00"}}, {"model": "dashboard.sportlog", "pk": 30, "fields": {"user": 1, "date": "2024-05-18", "did_sport": true, "sport_type": "swimming", "other_sport": "", "sport_time": "00:00:00"}}, {"model": "dashboard.sportlog", "pk": 31, "fields": {"user": 4, "date": "2024-06-22", "did_sport": true, "sport_type": "swimming", "other_sport": "", "sport_time": "00:00:00"}}, {"model": "dashboard.sportlog", "pk": 32, "fields": {"user": 4, "date": "2024-06-24", "did_sport": true, "sport_type": "swimming", "other_sport": "", "sport_time": "00:00:00"}}, {"model": "dashboard.sportlog", "pk": 33, "fields": {"user": 4, "date": "2024-07-04", "did_sport": true, "sport_type": "swimming", "other_sport": "", "sport_time": "00:00:00"}}, {"model": "dashboard.sportlog", "pk": 34, "fields": {"user": 4, "date": "2024-07-05", "did_sport": true, "sport_type": "swimming", "other_sport": "", "sport_time": "06:00:00"}}, {"model": "dashboard.sportlog", "pk": 35, "fields": {"user": 3, "date": "2024-10-07", "did_sport": true, "sport_type": "walking", "other_sport": "", "sport_time": "09:00:00"}}, {"model": "dashboard.sportlog", "pk": 36, "fields": {"user": 3, "date": "2025-05-26", "did_sport": true, "sport_type": "running", "other_sport": "", "sport_time": "08:57:00"}}, {"model": "dashboard.sportlog", "pk": 37, "fields": {"user": 3, "date": "2025-05-29", "did_sport": true, "sport_type": "running", "other_sport": "", "sport_time": "16:13:00"}}, {"model": "dashboard.sleepinglog", "pk": 1, "fields": {"user": 1, "date": "2024-05-26", "went_to_sleep_yesterday": "22:13:35.388", "wake_up_time": null, "woke_up_during_night": false}}, {"model": "dashboard.sleepinglog", "pk": 2, "fields": {"user": 1, "date": "2024-05-25", "went_to_sleep_yesterday": "09:13:35.391", "wake_up_time": null, "woke_up_during_night": false}}, {"model": "dashboard.sleepinglog", "pk": 3, "fields": {"user": 1, "date": "2024-05-24", "went_to_sleep_yesterday": "20:13:35.393", "wake_up_time": null, "woke_up_during_night": false}}, {"model": "dashboard.sleepinglog", "pk": 4, "fields": {"user": 1, "date": "2024-05-23", "went_to_sleep_yesterday": "00:13:35.396", "wake_up_time": null, "woke_up_during_night": false}}, {"model": "dashboard.sleepinglog", "pk": 5, "fields": {"user": 1, "date": "2024-05-22", "went_to_sleep_yesterday": "09:13:35.398", "wake_up_time": null, "woke_up_during_night": false}}, {"model": "dashboard.sleepinglog", "pk": 6, "fields": {"user": 1, "date": "2024-05-21", "went_to_sleep_yesterday": "14:13:35.400", "wake_up_time": null, "woke_up_during_night": false}}, {"model": "dashboard.sleepinglog", "pk": 7, "fields": {"user": 1, "date": "2024-05-20", "went_to_sleep_yesterday": "14:13:35.403", "wake_up_time": null, "woke_up_during_night": false}}, {"model": "dashboard.sleepinglog", "pk": 8, "fields": {"user": 1, "date": "2024-05-19", "went_to_sleep_yesterday": "15:13:35.406", "wake_up_time": null, "woke_up_during_night": false}}, {"model": "dashboard.sleepinglog", "pk": 9, "fields": {"user": 1, "date": "2024-05-18", "went_to_sleep_yesterday": "16:13:35.408", "wake_up_time": null, "woke_up_during_night": false}}, {"model": "dashboard.sleepinglog", "pk": 10, "fields": {"user": 1, "date": "2024-05-17", "went_to_sleep_yesterday": "15:13:35.410", "wake_up_time": null, "woke_up_during_night": false}}, {"model": "dashboard.sleepinglog", "pk": 11, "fields": {"user": 1, "date": "2024-05-27", "went_to_sleep_yesterday": "05:44:46.223", "wake_up_time": null, "woke_up_during_night": false}}, {"model": "dashboard.sleepinglog", "pk": 31, "fields": {"user": 4, "date": "2024-06-22", "went_to_sleep_yesterday": "22:54:00", "wake_up_time": null, "woke_up_during_night": false}}, {"model": "dashboard.sleepinglog", "pk": 33, "fields": {"user": 4, "date": "2024-06-23", "went_to_sleep_yesterday": "09:39:00", "wake_up_time": null, "woke_up_during_night": false}}, {"model": "dashboard.sleepinglog", "pk": 34, "fields": {"user": 4, "date": "2024-06-24", "went_to_sleep_yesterday": "09:03:00", "wake_up_time": null, "woke_up_during_night": false}}, {"model": "dashboard.sleepinglog", "pk": 35, "fields": {"user": 4, "date": "2024-07-05", "went_to_sleep_yesterday": "23:30:00", "wake_up_time": null, "woke_up_during_night": false}}, {"model": "dashboard.sleepinglog", "pk": 36, "fields": {"user": 3, "date": "2024-09-01", "went_to_sleep_yesterday": "23:36:00", "wake_up_time": null, "woke_up_during_night": false}}, {"model": "dashboard.sleepinglog", "pk": 37, "fields": {"user": 3, "date": "2024-09-05", "went_to_sleep_yesterday": "00:34:00", "wake_up_time": null, "woke_up_during_night": false}}, {"model": "dashboard.sleepinglog", "pk": 38, "fields": {"user": 3, "date": "2024-09-08", "went_to_sleep_yesterday": "17:02:00", "wake_up_time": null, "woke_up_during_night": false}}, {"model": "dashboard.sleepinglog", "pk": 39, "fields": {"user": 3, "date": "2024-10-07", "went_to_sleep_yesterday": "00:00:00", "wake_up_time": null, "woke_up_during_night": false}}, {"model": "dashboard.sleepinglog", "pk": 40, "fields": {"user": 3, "date": "2024-10-20", "went_to_sleep_yesterday": "18:55:00", "wake_up_time": null, "woke_up_during_night": false}}, {"model": "dashboard.sleepinglog", "pk": 41, "fields": {"user": 3, "date": "2024-10-22", "went_to_sleep_yesterday": "23:06:00", "wake_up_time": null, "woke_up_during_night": false}}, {"model": "dashboard.sleepinglog", "pk": 42, "fields": {"user": 3, "date": "2024-10-25", "went_to_sleep_yesterday": "19:55:00", "wake_up_time": "13:59:00", "woke_up_during_night": false}}, {"model": "dashboard.sleepinglog", "pk": 49, "fields": {"user": 3, "date": "2024-10-26", "went_to_sleep_yesterday": null, "wake_up_time": "11:11:00", "woke_up_during_night": false}}, {"model": "dashboard.sleepinglog", "pk": 50, "fields": {"user": 3, "date": "2025-05-25", "went_to_sleep_yesterday": null, "wake_up_time": "07:30:00", "woke_up_during_night": false}}, {"model": "dashboard.sleepinglog", "pk": 51, "fields": {"user": 3, "date": "2025-05-26", "went_to_sleep_yesterday": null, "wake_up_time": "07:54:00", "woke_up_during_night": false}}, {"model": "dashboard.sleepinglog", "pk": 52, "fields": {"user": 3, "date": "2025-05-27", "went_to_sleep_yesterday": null, "wake_up_time": "06:55:00", "woke_up_during_night": false}}, {"model": "dashboard.sleepinglog", "pk": 53, "fields": {"user": 3, "date": "2025-05-29", "went_to_sleep_yesterday": null, "wake_up_time": "07:30:00", "woke_up_during_night": false}}, {"model": "dashboard.sleepinglog", "pk": 54, "fields": {"user": 3, "date": "2025-05-31", "went_to_sleep_yesterday": "00:00:00", "wake_up_time": "08:00:00", "woke_up_during_night": false}}, {"model": "dashboard.sleepinglog", "pk": 55, "fields": {"user": 3, "date": "2025-06-02", "went_to_sleep_yesterday": "02:00:00", "wake_up_time": "10:00:00", "woke_up_during_night": false}}, {"model": "dashboard.sleepinglog", "pk": 56, "fields": {"user": 3, "date": "2025-06-04", "went_to_sleep_yesterday": "00:00:00", "wake_up_time": "07:30:00", "woke_up_during_night": false}}, {"model": "dashboard.meetings", "pk": 1, "fields": {"user": 1, "date": "2024-05-26", "time": "18:13:35.412", "met_people": false, "positivity_rating": 5, "meeting_type": null}}, {"model": "dashboard.meetings", "pk": 2, "fields": {"user": 1, "date": "2024-05-27", "time": "06:44:46.248", "met_people": true, "positivity_rating": 5, "meeting_type": null}}, {"model": "dashboard.meetings", "pk": 3, "fields": {"user": 1, "date": "2024-05-27", "time": "14:46:06.020", "met_people": true, "positivity_rating": 2, "meeting_type": null}}, {"model": "dashboard.meetings", "pk": 4, "fields": {"user": 1, "date": "2024-05-26", "time": "00:46:06.026", "met_people": true, "positivity_rating": 1, "meeting_type": null}}, {"model": "dashboard.meetings", "pk": 5, "fields": {"user": 1, "date": "2024-05-25", "time": "23:46:06.030", "met_people": true, "positivity_rating": 2, "meeting_type": null}}, {"model": "dashboard.meetings", "pk": 6, "fields": {"user": 1, "date": "2024-05-24", "time": "13:46:06.036", "met_people": true, "positivity_rating": 4, "meeting_type": null}}, {"model": "dashboard.meetings", "pk": 7, "fields": {"user": 1, "date": "2024-05-23", "time": "21:46:06.041", "met_people": false, "positivity_rating": 3, "meeting_type": null}}, {"model": "dashboard.meetings", "pk": 8, "fields": {"user": 1, "date": "2024-05-22", "time": "06:46:06.046", "met_people": false, "positivity_rating": 5, "meeting_type": null}}, {"model": "dashboard.meetings", "pk": 9, "fields": {"user": 1, "date": "2024-05-21", "time": "14:46:06.050", "met_people": false, "positivity_rating": 2, "meeting_type": null}}, {"model": "dashboard.meetings", "pk": 10, "fields": {"user": 1, "date": "2024-05-20", "time": "10:46:06.055", "met_people": true, "positivity_rating": 1, "meeting_type": null}}, {"model": "dashboard.meetings", "pk": 11, "fields": {"user": 1, "date": "2024-05-19", "time": "17:46:06.060", "met_people": false, "positivity_rating": 5, "meeting_type": null}}, {"model": "dashboard.meetings", "pk": 12, "fields": {"user": 1, "date": "2024-05-18", "time": "18:46:06.065", "met_people": true, "positivity_rating": 2, "meeting_type": null}}, {"model": "dashboard.meetings", "pk": 13, "fields": {"user": 4, "date": "2024-06-26", "time": "09:16:00", "met_people": true, "positivity_rating": 3, "meeting_type": "family"}}, {"model": "dashboard.meetings", "pk": 14, "fields": {"user": 4, "date": "2024-06-29", "time": "13:17:00", "met_people": true, "positivity_rating": 5, "meeting_type": "family"}}, {"model": "dashboard.meetings", "pk": 15, "fields": {"user": 4, "date": "2024-07-03", "time": "19:21:00", "met_people": true, "positivity_rating": 5, "meeting_type": "family"}}, {"model": "dashboard.meetings", "pk": 16, "fields": {"user": 4, "date": "2024-07-05", "time": "08:51:00", "met_people": true, "positivity_rating": 5, "meeting_type": "family"}}, {"model": "dashboard.meetings", "pk": 17, "fields": {"user": 3, "date": "2024-08-31", "time": "13:47:00", "met_people": true, "positivity_rating": 5, "meeting_type": "family"}}, {"model": "dashboard.meetings", "pk": 18, "fields": {"user": 3, "date": "2024-09-01", "time": "13:37:00", "met_people": true, "positivity_rating": 3, "meeting_type": "business"}}, {"model": "dashboard.meetings", "pk": 19, "fields": {"user": 3, "date": "2024-09-08", "time": "17:02:00", "met_people": true, "positivity_rating": 5, "meeting_type": "family"}}, {"model": "dashboard.meetings", "pk": 20, "fields": {"user": 3, "date": "2024-10-07", "time": "12:34:00", "met_people": true, "positivity_rating": 3, "meeting_type": "business"}}, {"model": "dashboard.meetings", "pk": 21, "fields": {"user": 3, "date": "2024-10-15", "time": "08:20:00", "met_people": true, "positivity_rating": 3, "meeting_type": "family"}}, {"model": "dashboard.meetings", "pk": 22, "fields": {"user": 3, "date": "2025-05-25", "time": "12:06:00", "met_people": true, "positivity_rating": 3, "meeting_type": null}}, {"model": "dashboard.meetings", "pk": 23, "fields": {"user": 3, "date": "2025-05-26", "time": "11:00:00", "met_people": true, "positivity_rating": 3, "meeting_type": "family"}}, {"model": "dashboard.meetings", "pk": 24, "fields": {"user": 3, "date": "2025-05-27", "time": "12:23:00", "met_people": true, "positivity_rating": 2, "meeting_type": "business"}}, {"model": "dashboard.meetings", "pk": 25, "fields": {"user": 3, "date": "2025-05-29", "time": "12:00:00", "met_people": true, "positivity_rating": 3, "meeting_type": "business"}}, {"model": "dashboard.meetings", "pk": 26, "fields": {"user": 3, "date": "2025-06-02", "time": "10:00:00", "met_people": true, "positivity_rating": 4, "meeting_type": "family"}}, {"model": "dashboard.meetings", "pk": 27, "fields": {"user": 3, "date": "2025-06-04", "time": "12:00:00", "met_people": true, "positivity_rating": 3, "meeting_type": "business"}}, {"model": "dashboard.seizurelog", "pk": 1, "fields": {"user": 4, "date": "2024-06-24", "time": "10:01:00", "duration_minutes": 20}}, {"model": "dashboard.seizurelog", "pk": 2, "fields": {"user": 4, "date": "2024-06-26", "time": "08:48:00", "duration_minutes": 12}}, {"model": "dashboard.seizurelog", "pk": 3, "fields": {"user": 4, "date": "2024-06-29", "time": "13:17:00", "duration_minutes": 20}}, {"model": "dashboard.seizurelog", "pk": 4, "fields": {"user": 4, "date": "2024-07-05", "time": "08:50:00", "duration_minutes": 20}}, {"model": "dashboard.seizurelog", "pk": 5, "fields": {"user": 3, "date": "2024-10-13", "time": "20:45:00", "duration_minutes": 1}}, {"model": "dashboard.seizurelog", "pk": 6, "fields": {"user": 3, "date": "2024-10-14", "time": "09:08:00", "duration_minutes": 5}}, {"model": "dashboard.seizurelog", "pk": 7, "fields": {"user": 3, "date": "2024-10-15", "time": "09:14:00", "duration_minutes": 10}}, {"model": "dashboard.seizurelog", "pk": 8, "fields": {"user": 3, "date": "2024-10-20", "time": "19:20:00", "duration_minutes": 5}}, {"model": "dashboard.seizurelog", "pk": 9, "fields": {"user": 3, "date": "2025-05-29", "time": "10:00:00", "duration_minutes": 5}}, {"model": "medications.medication", "pk": 13, "fields": {"name": "concerta", "times_per_day": 2, "dose": "250mg", "user": 4, "dose_times": []}}, {"model": "medications.medication", "pk": 21, "fields": {"name": "retalin", "times_per_day": 2, "dose": "500mg", "user": 3, "dose_times": ["07:00,18:00"]}}, {"model": "medications.medication", "pk": 22, "fields": {"name": "relax", "times_per_day": 2, "dose": "200mg", "user": 3, "dose_times": ["08:00,17:00"]}}, {"model": "medications.medicationlog", "pk": 1, "fields": {"user": 3, "medication": 21, "date": "2024-10-29", "time_taken": "17:14:00", "dose_index": 1}}, {"model": "medications.medicationlog", "pk": 2, "fields": {"user": 3, "medication": 21, "date": "2024-10-29", "time_taken": "18:00:00", "dose_index": 2}}, {"model": "medications.medicationlog", "pk": 3, "fields": {"user": 3, "medication": 21, "date": "2024-10-31", "time_taken": "22:50:00", "dose_index": 1}}, {"model": "medications.medicationlog", "pk": 4, "fields": {"user": 3, "medication": 21, "date": "2024-11-03", "time_taken": "19:14:00", "dose_index": 1}}, {"model": "medications.medicationlog", "pk": 5, "fields": {"user": 3, "medication": 21, "date": "2024-11-03", "time_taken": "17:57:00", "dose_index": 0}}, {"model": "medications.medicationlog", "pk": 6, "fields": {"user": 3, "medication": 21, "date": "2024-11-04", "time_taken": "20:28:00", "dose_index": 0}}, {"model": "medications.medicationlog", "pk": 7, "fields": {"user": 3, "medication": 21, "date": "2024-11-07", "time_taken": "18:42:00", "dose_index": 0}}, {"model": "medications.medicationlog", "pk": 12, "fields": {"user": 3, "medication": 21, "date": "2024-11-10", "time_taken": "17:25:00", "dose_index": 0}}, {"model": "medications.medicationlog", "pk": 13, "fields": {"user": 3, "medication": 21, "date": "2024-11-10", "time_taken": "17:37:00", "dose_index": 1}}, {"model": "medications.medicationlog", "pk": 14, "fields": {"user": 3, "medication": 21, "date": "2024-11-10", "time_taken": "17:39:00", "dose_index": 2}}, {"model": "medications.medicationlog", "pk": 15, "fields": {"user": 3, "medication": 22, "date": "2024-11-10", "time_taken": "17:42:00", "dose_index": 0}}, {"model": "medications.medicationlog", "pk": 16, "fields": {"user": 3, "medication": 21, "date": "2025-03-24", "time_taken": "12:00:00", "dose_index": 0}}, {"model": "medications.medicationlog", "pk": 17, "fields": {"user": 3, "medication": 21, "date": "2025-05-25", "time_taken": "11:06:00", "dose_index": 0}}, {"model": "medications.medicationlog", "pk": 18, "fields": {"user": 3, "medication": 21, "date": "2025-05-26", "time_taken": "09:54:00", "dose_index": 0}}, {"model": "medications.medicationlog", "pk": 19, "fields": {"user": 3, "medication": 21, "date": "2025-05-27", "time_taken": "09:00:00", "dose_index": 0}}, {"model": "medications.medicationlog", "pk": 20, "fields": {"user": 3, "medication": 22, "date": "2025-05-27", "time_taken": "10:00:00", "dose_index": 0}}, {"model": "medications.medicationlog", "pk": 21, "fields": {"user": 3, "medication": 21, "date": "2025-05-27", "time_taken": "12:00:00", "dose_index": 1}}, {"model": "medications.medicationlog", "pk": 22, "fields": {"user": 3, "medication": 21, "date": "2025-05-29", "time_taken": "09:00:00", "dose_index": 0}}, {"model": "medications.medicationlog", "pk": 23, "fields": {"user": 3, "medication": 21, "date": "2025-06-02", "time_taken": "09:00:00", "dose_index": 0}}, {"model": "auth.permission", "pk": 1, "fields": {"name": "Can add medication", "content_type": 1, "codename": "add_medication"}}, {"model": "auth.permission", "pk": 2, "fields": {"name": "Can change medication", "content_type": 1, "codename": "change_medication"}}, {"model": "auth.permission", "pk": 3, "fields": {"name": "Can delete medication", "content_type": 1, "codename": "delete_medication"}}, {"model": "auth.permission", "pk": 4, "fields": {"name": "Can view medication", "content_type": 1, "codename": "view_medication"}}, {"model": "auth.permission", "pk": 5, "fields": {"name": "Can add meeting type", "content_type": 2, "codename": "add_meetingtype"}}, {"model": "auth.permission", "pk": 6, "fields": {"name": "Can change meeting type", "content_type": 2, "codename": "change_meetingtype"}}, {"model": "auth.permission", "pk": 7, "fields": {"name": "Can delete meeting type", "content_type": 2, "codename": "delete_meetingtype"}}, {"model": "auth.permission", "pk": 8, "fields": {"name": "Can view meeting type", "content_type": 2, "codename": "view_meetingtype"}}, {"model": "auth.permission", "pk": 9, "fields": {"name": "Can add sport log", "content_type": 3, "codename": "add_sportlog"}}, {"model": "auth.permission", "pk": 10, "fields": {"name": "Can change sport log", "content_type": 3, "codename": "change_sportlog"}}, {"model": "auth.permission", "pk": 11, "fields": {"name": "Can delete sport log", "content_type": 3, "codename": "delete_sportlog"}}, {"model": "auth.permission", "pk": 12, "fields": {"name": "Can view sport log", "content_type": 3, "codename": "view_sportlog"}}, {"model": "auth.permission", "pk": 13, "fields": {"name": "Can add sleeping log", "content_type": 4, "codename": "add_sleepinglog"}}, {"model": "auth.permission", "pk": 14, "fields": {"name": "Can change sleeping log", "content_type": 4, "codename": "change_sleepinglog"}}, {"model": "auth.permission", "pk": 15, "fields": {"name": "Can delete sleeping log", "content_type": 4, "codename": "delete_sleepinglog"}}, {"model": "auth.permission", "pk": 16, "fields": {"name": "Can view sleeping log", "content_type": 4, "codename": "view_sleepinglog"}}, {"model": "auth.permission", "pk": 17, "fields": {"name": "Can add seizure log", "content_type": 5, "codename": "add_seizurelog"}}, {"model": "auth.permission", "pk": 18, "fields": {"name": "Can change seizure log", "content_type": 5, "codename": "change_seizurelog"}}, {"model": "auth.permission", "pk": 19, "fields": {"name": "Can delete seizure log", "content_type": 5, "codename": "delete_seizurelog"}}, {"model": "auth.permission", "pk": 20, "fields": {"name": "Can view seizure log", "content_type": 5, "codename": "view_seizurelog"}}, {"model": "auth.permission", "pk": 21, "fields": {"name": "Can add meetings", "content_type": 6, "codename": "add_meetings"}}, {"model": "auth.permission", "pk": 22, "fields": {"name": "Can change meetings", "content_type": 6, "codename": "change_meetings"}}, {"model": "auth.permission", "pk": 23, "fields": {"name": "Can delete meetings", "content_type": 6, "codename": "delete_meetings"}}, {"model": "auth.permission", "pk": 24, "fields": {"name": "Can view meetings", "content_type": 6, "codename": "view_meetings"}}, {"model": "auth.permission", "pk": 25, "fields": {"name": "Can add food log", "content_type": 7, "codename": "add_foodlog"}}, {"model": "auth.permission", "pk": 26, "fields": {"name": "Can change food log", "content_type": 7, "codename": "change_foodlog"}}, {"model": "auth.permission", "pk": 27, "fields": {"name": "Can delete food log", "content_type": 7, "codename": "delete_foodlog"}}, {"model": "auth.permission", "pk": 28, "fields": {"name": "Can view food log", "content_type": 7, "codename": "view_foodlog"}}, {"model": "auth.permission", "pk": 29, "fields": {"name": "Can add medication log", "content_type": 8, "codename": "add_medicationlog"}}, {"model": "auth.permission", "pk": 30, "fields": {"name": "Can change medication log", "content_type": 8, "codename": "change_medicationlog"}}, {"model": "auth.permission", "pk": 31, "fields": {"name": "Can delete medication log", "content_type": 8, "codename": "delete_medicationlog"}}, {"model": "auth.permission", "pk": 32, "fields": {"name": "Can view medication log", "content_type": 8, "codename": "view_medicationlog"}}, {"model": "auth.permission", "pk": 33, "fields": {"name": "Can add log entry", "content_type": 9, "codename": "add_logentry"}}, {"model": "auth.permission", "pk": 34, "fields": {"name": "Can change log entry", "content_type": 9, "codename": "change_logentry"}}, {"model": "auth.permission", "pk": 35, "fields": {"name": "Can delete log entry", "content_type": 9, "codename": "delete_logentry"}}, {"model": "auth.permission", "pk": 36, "fields": {"name": "Can view log entry", "content_type": 9, "codename": "view_logentry"}}, {"model": "auth.permission", "pk": 37, "fields": {"name": "Can add permission", "content_type": 10, "codename": "add_permission"}}, {"model": "auth.permission", "pk": 38, "fields": {"name": "Can change permission", "content_type": 10, "codename": "change_permission"}}, {"model": "auth.permission", "pk": 39, "fields": {"name": "Can delete permission", "content_type": 10, "codename": "delete_permission"}}, {"model": "auth.permission", "pk": 40, "fields": {"name": "Can view permission", "content_type": 10, "codename": "view_permission"}}, {"model": "auth.permission", "pk": 41, "fields": {"name": "Can add group", "content_type": 11, "codename": "add_group"}}, {"model": "auth.permission", "pk": 42, "fields": {"name": "Can change group", "content_type": 11, "codename": "change_group"}}, {"model": "auth.permission", "pk": 43, "fields": {"name": "Can delete group", "content_type": 11, "codename": "delete_group"}}, {"model": "auth.permission", "pk": 44, "fields": {"name": "Can view group", "content_type": 11, "codename": "view_group"}}, {"model": "auth.permission", "pk": 45, "fields": {"name": "Can add user", "content_type": 12, "codename": "add_user"}}, {"model": "auth.permission", "pk": 46, "fields": {"name": "Can change user", "content_type": 12, "codename": "change_user"}}, {"model": "auth.permission", "pk": 47, "fields": {"name": "Can delete user", "content_type": 12, "codename": "delete_user"}}, {"model": "auth.permission", "pk": 48, "fields": {"name": "Can view user", "content_type": 12, "codename": "view_user"}}, {"model": "auth.permission", "pk": 49, "fields": {"name": "Can add content type", "content_type": 13, "codename": "add_contenttype"}}, {"model": "auth.permission", "pk": 50, "fields": {"name": "Can change content type", "content_type": 13, "codename": "change_contenttype"}}, {"model": "auth.permission", "pk": 51, "fields": {"name": "Can delete content type", "content_type": 13, "codename": "delete_contenttype"}}, {"model": "auth.permission", "pk": 52, "fields": {"name": "Can view content type", "content_type": 13, "codename": "view_contenttype"}}, {"model": "auth.permission", "pk": 53, "fields": {"name": "Can add session", "content_type": 14, "codename": "add_session"}}, {"model": "auth.permission", "pk": 54, "fields": {"name": "Can change session", "content_type": 14, "codename": "change_session"}}, {"model": "auth.permission", "pk": 55, "fields": {"name": "Can delete session", "content_type": 14, "codename": "delete_session"}}, {"model": "auth.permission", "pk": 56, "fields": {"name": "Can view session", "content_type": 14, "codename": "view_session"}}, {"model": "auth.permission", "pk": 57, "fields": {"name": "Can add medication log", "content_type": 15, "codename": "add_medicationlog"}}, {"model": "auth.permission", "pk": 58, "fields": {"name": "Can change medication log", "content_type": 15, "codename": "change_medicationlog"}}, {"model": "auth.permission", "pk": 59, "fields": {"name": "Can delete medication log", "content_type": 15, "codename": "delete_medicationlog"}}, {"model": "auth.permission", "pk": 60, "fields": {"name": "Can view medication log", "content_type": 15, "codename": "view_medicationlog"}}, {"model": "auth.permission", "pk": 61, "fields": {"name": "Can add medication", "content_type": 16, "codename": "add_medication"}}, {"model": "auth.permission", "pk": 62, "fields": {"name": "Can change medication", "content_type": 16, "codename": "change_medication"}}, {"model": "auth.permission", "pk": 63, "fields": {"name": "Can delete medication", "content_type": 16, "codename": "delete_medication"}}, {"model": "auth.permission", "pk": 64, "fields": {"name": "Can view medication", "content_type": 16, "codename": "view_medication"}}, {"model": "auth.permission", "pk": 65, "fields": {"name": "Can add searchable item", "content_type": 17, "codename": "add_searchableitem"}}, {"model": "auth.permission", "pk": 66, "fields": {"name": "Can change searchable item", "content_type": 17, "codename": "change_searchableitem"}}, {"model": "auth.permission", "pk": 67, "fields": {"name": "Can delete searchable item", "content_type": 17, "codename": "delete_searchableitem"}}, {"model": "auth.permission", "pk": 68, "fields": {"name": "Can view searchable item", "content_type": 17, "codename": "view_searchableitem"}}, {"model": "auth.permission", "pk": 69, "fields": {"name": "Can add time taken", "content_type": 18, "codename": "add_timetaken"}}, {"model": "auth.permission", "pk": 70, "fields": {"name": "Can change time taken", "content_type": 18, "codename": "change_timetaken"}}, {"model": "auth.permission", "pk": 71, "fields": {"name": "Can delete time taken", "content_type": 18, "codename": "delete_timetaken"}}, {"model": "auth.permission", "pk": 72, "fields": {"name": "Can view time taken", "content_type": 18, "codename": "view_timetaken"}}, {"model": "auth.user", "pk": 1, "fields": {"password": "pbkdf2_sha256$600000$qIiWnC8L4hBaFgVh2JEIQ8$YSh2CPpYFCIMJvGPQSMz7OW4lotILuh0zFU5aU8r1rw=", "last_login": null, "is_superuser": false, "username": "testuser", "first_name": "", "last_name": "", "email": "", "is_staff": false, "is_active": true, "date_joined": "2024-05-26T17:13:35.169Z", "groups": [], "user_permissions": []}}, {"model": "auth.user", "pk": 2, "fields": {"password": "pbkdf2_sha256$720000$rg4ul7EkUGTwgUdD4hLsS0$GnwCwDcWbPa2Ga7U4jccEfkNbiUA5ROiYQZIiDhk2gs=", "last_login": "2024-06-05T04:50:16.012Z", "is_superuser": true, "username": "ketty", "first_name": "", "last_name": "", "email": "kettyvaisbrot@gmail.com", "is_staff": true, "is_active": true, "date_joined": "2024-06-05T04:49:29.943Z", "groups": [], "user_permissions": []}}, {"model": "auth.user", "pk": 3, "fields": {"password": "pbkdf2_sha256$600000$YU3RnJz0AIr5UIrzKmKh11$0B86Lk3ehn5J0YQ3cSzzTJRcLQYB6nM6QjHiTrgq4Qc=", "last_login": "2025-06-08T17:46:16.680Z", "is_superuser": false, "username": "ketty1", "first_name": "", "last_name": "", "email": "", "is_staff": false, "is_active": true, "date_joined": "2024-06-09T17:54:37.876Z", "groups": [], "user_permissions": []}}, {"model": "auth.user", "pk": 4, "fields": {"password": "pbkdf2_sha256$720000$iJn9W7QtyoKiLukWeiYfVa$1SNXz6NxjWvxEM6XlRqxrba1FgY7gnrA5nwwVM17eSM=", "last_login": "2025-01-07T13:51:45.410Z", "is_superuser": false, "username": "ketty2", "first_name": "", "last_name": "", "email": "", "is_staff": false, "is_active": true, "date_joined": "2024-06-16T06:12:42.343Z", "groups": [], "user_permissions": []}}, {"model": "auth.user", "pk": 5, "fields": {"password": "pbkdf2_sha256$720000$Nee3UNRwvbt13DtQ1qhT7c$brg5PzAv7lhsw0ui8cdOH0q4ZxYXI/6AVbywylwKIV4=", "last_login": "2024-06-16T06:18:36.116Z", "is_superuser": false, "username": "ketty3", "first_name": "", "last_name": "", "email": "", "is_staff": false, "is_active": true, "date_joined": "2024-06-16T06:18:35.899Z", "groups": [], "user_permissions": []}}, {"model": "contenttypes.contenttype", "pk": 1, "fields": {"app_label": "dashboard", "model": "medication"}}, {"model": "contenttypes.contenttype", "pk": 2, "fields": {"app_label": "dashboard", "model": "meetingtype"}}, {"model": "contenttypes.contenttype", "pk": 3, "fields": {"app_label": "dashboard", "model": "sportlog"}}, {"model": "contenttypes.contenttype", "pk": 4, "fields": {"app_label": "dashboard", "model": "sleepinglog"}}, {"model": "contenttypes.contenttype", "pk": 5, "fields": {"app_label": "dashboard", "model": "seizurelog"}}, {"model": "contenttypes.contenttype", "pk": 6, "fields": {"app_label": "dashboard", "model": "meetings"}}, {"model": "contenttypes.contenttype", "pk": 7, "fields": {"app_label": "dashboard", "model": "foodlog"}}, {"model": "contenttypes.contenttype", "pk": 8, "fields": {"app_label": "dashboard", "model": "medicationlog"}}, {"model": "contenttypes.contenttype", "pk": 9, "fields": {"app_label": "admin", "model": "logentry"}}, {"model": "contenttypes.contenttype", "pk": 10, "fields": {"app_label": "auth", "model": "permission"}}, {"model": "contenttypes.contenttype", "pk": 11, "fields": {"app_label": "auth", "model": "group"}}, {"model": "contenttypes.contenttype", "pk": 12, "fields": {"app_label": "auth", "model": "user"}}, {"model": "contenttypes.contenttype", "pk": 13, "fields": {"app_label": "contenttypes", "model": "contenttype"}}, {"model": "contenttypes.contenttype", "pk": 14, "fields": {"app_label": "sessions", "model": "session"}}, {"model": "contenttypes.contenttype", "pk": 15, "fields": {"app_label": "medications", "model": "medicationlog"}}, {"model": "contenttypes.contenttype", "pk": 16, "fields": {"app_label": "medications", "model": "medication"}}, {"model": "contenttypes.contenttype", "pk": 17, "fields": {"app_label": "what_interested_you", "model": "searchableitem"}}, {"model": "contenttypes.contenttype", "pk": 18, "fields": {"app_label": "medications", "model": "timetaken"}}]